guy sweat is babe magnet,surprise
years on but couple still hugging,surprise
homemade bombs kill on indian train,joy
peron held over s rights abuses,joy
mbeki world cup planning on track,joy
russia plans new icbms nuclear subs,fear
james brown s year old son left out of will,joy
bush vows cooperation on health care,joy
damaged japanese whaling ship may resume hunting off antarctica,joy
alzheimer s drugs offer no help study finds,sad
ex teacher guilty in nude pictures scheme,surprise
hungary police tackle violent protestors,joy
teen repellent inventor wins infamous prize,joy
the energy challenge exotic visions how to cool a planet maybe,surprise
gunman fine before shooting,sad
roundup protests erupt despite state of siege in guinea,fear
nasa spacecraft to measure sun,joy
no rejects police state claim,fear
senator carl krueger thinks ipods can kill you,surprise
taking the plunge,joy
blair apologises over friendly fire inquest,fear
iraq closes borders with syria and iran,joy
arthurs upsets robredo in first round at the st petersburg open,joy
air france klm profit rises,joy
former teacher poses for playboy,joy
zoo polar bear to have root canal,joy
al qaeda chiefs are seen to regain power,fear
boy allegedly told to kill by mom gives up,surprise
minister slams airlines on carbon,surprise
cholesterol link in diabetes study,surprise
immigrants and french reach deal in standoff,joy
firms on alert for letter bombs,joy
building a memorial to a son one child at a time,joy
joseph wambaugh s new start,joy
mancuso sparks u s celebrations,fear
abbas rejects temporary state,fear
bangladesh ends curfew amid unrest,surprise
libby defense upsets judge rests,surprise
serena misses bangalore tournament,joy
cocoa could be antidote to age related diseases says new study,joy
uk police slammed over terror raid,fear
updates on world s top stories,fear
ex jonbenet suspect child porn case dropped,surprise
fully cooked chicken strips recalled,fear
studios sign off on movie downloads,joy
kate is marrying doherty,joy
audio slide show a love story lasting years,joy
asean urges north korea resolution,joy
forecasters expect toasty,joy
snow causes transport chaos in britain,fear
manning inspires giants to victory in dallas,joy
spain ahead although nadal is out,joy
telecoms giant slashes jobs,joy
libby prosecutors await judge s rulings,fear
freed kidnap suspect my terror at police raid,fear
madonna adoption bid approved,joy
iraqi journalists add laws to list of dangers,joy
punter charged with stabbing asks to live outside state,joy
breast cancer drug promises hope,joy
in god s name religion based tax breaks housing to paychecks to books,joy
archaeologists find remains of couple locked in a hug,joy
the secrets people reveal,joy
london market a shopping dining haven,joy
mortar assault leaves at least dead,sad
lawyer for deceased nazi era collaborator papon vows to bury him,joy
injured marathon winner leaves hospital,joy
u s online love brokers eye china,joy
weight loss drug to be sold over the counter,joy
sick hearts switch on a fetal gene,joy
cher s dress car bed have new owners,joy
whistle blowing web site exposed,surprise
canadian breakthrough offers hope on autism,surprise
stenson defends his title at dubai,joy
uk letter bombs may be from extremist drivers,joy
un nuclear watchdog slashes iran aid,fear
texan allegedly joined somalia rebel plot,joy
full recovery expected for marathon winner,joy
yahoo s mission quest,joy
can t do this anymore not jack,joy
action intensity boosts vision,surprise
start late retire rich,joy
youtube founders split m payout,surprise
stonehenge workers village found,joy
smith can t be buried until hearing,surprise
the summit a slap in the face of the palestinians,joy
beauticians cut curl offer stroke prevention info,joy
toyota s scion parks in second life,surprise
parachutist dies at bridge jump festival,surprise
britain to restrict immigrants from new eu members,joy
shoplifters choice police or t shirt of shame,joy
ice storm smacks roads power,fear
jon stewart mocks benefits of cnn s i,joy
town packs gym to mourn killed in fire,fear
corn stoves popping up in u s homes,fear
north korea ready to discuss nuke disarmament,joy
boy missing since found alive,joy
iraqi linked to sunni bloc is held in plot military says,fear
human error caused helios crash,surprise
hussein co defendants executed,joy
google unveils do it yourself search engine,joy
college tuition continues climbing,joy
airlines uk airport runway unsafe,joy
cultural revolutionary the ipod is five,joy
pledge i was abused in frat hazing,surprise
bangladesh ferry sinks dead,sad
hackers attack root servers,joy
autos drive european gains,joy
israel to install cameras to show live mughrabi footage,joy
mountain glaciers melting faster united nations says,joy
jail me i ate ivory coast chocolate,joy
all african amputee football games kick off,joy
study napping might help heart,joy
european space agency,surprise
study africa s internet gap getting wider,joy
dead bachelors in remote china still find wives,joy
mixed reaction to china s africa push,joy
pap test a mainstay against cervical cancer may be fading,joy
grammys ready to name winners,joy
johnny depp to make movie of spy poisoning,joy
brazil air force cites faults and confusion in fatal crash,joy
vista s hyped security will be tested,joy
pm havana deal a good experiment,joy
federer overcomes a ragged start,joy
money makeovers,joy
ex border patrol agent beaten in prison,joy
rowdy fans ejected from the open,joy
easy ways to really save,joy
real suffer carlos injury setback,joy
investigation of child porn site hits nations,disgust
paris journal smoking no longer tres chic in france,joy
myspace welcomes french friends,joy
in egypt rice speaks softly,joy
another death at georgia aquarium,sad
ganguly handed india squad call up,joy
runway making good without making nice,joy
scientists discover miracle in the depths,joy
canadians tracked in child porn ring,disgust
anglican and catholic churches could merge,joy
messi makes barcelona squad return,joy
obama announces presidential bid,joy
cousin gunman was srebrenica survivor,surprise
idf shells lebanese army positions across northern border,joy
dozens killed in baghdad bombing,sad
friendly fire pilot experienced,fear
injured sarwan to miss one dayers,joy
gop senators to force debate on troops in iraq,fear
african nation hopes whoopi can help,surprise
snow wreaks havoc in east midwest,surprise
northeaster cancels flights shuts schools,fear
ready to eat chicken breasts recalled due to suspected listeria,fear
hamas fatah leaders pledge to meet until they reach agreement,joy
no buyer in sight for napster,joy
rare optimism as north korea talks reach crossroads,joy
citing spy agencies study democrats seek iraq changes,surprise
kim jong il bans japanese cars in north korea,joy
china cheney shores up the trilateral alliance,joy
chinese president arrives in mozambique african tour nearly over,joy
rice u s won t pull plug on iraq,fear
study detects a gene linked to alzheimer s,surprise
wellcome awards anti fat research,joy
madonna s new baby s daddy didn t realize adoption was for good,joy
chvez threatens to jail violators of price controls,joy
au regrets sudan s expulsion of un envoy,joy
svindal claims are golden double,fear
beckham outlines reasons for move,joy
iraqi forces detain official suspected in shia conspiracy,sad
house passes anti terrorism measure manila,joy
charts is your city lean or lethargic,surprise
growing unarmed battalion in qaeda army is using internet to get the message out,fear
in clue to addiction brain injury halts smoking,joy
new vaccine for cervical cancer could prove useful in men too,joy
iraq insurgents attack us base,fear
no e book for harry potter vii,joy
uk workers on alert for letter bombs,joy
somalia declares state of emergency,fear
police probe church fires half mile apart,fear
baghdad plan is a success iraq prime minister tells bush,surprise
turner pays for boston bombing,joy
dell to cut bonuses trim management,joy
houston she s got some problems,joy
trailblazing trio protects city by the bay,joy
catania punished for fan violence,joy
bears watch as lead slips away,joy
bush adamant on troops to iraq,fear
britain to limit workers from romania bulgaria,joy
global web of suspects in child rape download,surprise
england include giles in wc squad,joy
review virtual american idol hits right notes,joy
appeal by chinese researcher for times may soon be heard,joy
justin timberlake cameron diaz announce split,joy
world s oldest newspaper now exists only online,joy
iran s boast on uranium enrichment is put to test,joy
siesta cuts risk of heart disease death study finds,joy
experts issue new heart disease guidelines for women,joy
ivrea journal in italian town a civics lesson from pelting neighbors,joy
ipod good for video games,joy
dating difficult for harry potter,joy
baby born on turnpike after dad misses exit,fear
anglicans rebuke u s branch on same sex unions,joy
emi warns on profits boss goes,joy
court tv accused killer tells jury a love story,surprise
ethiopia readies for millennium all its own,joy
oxfam action needed for chad,joy
stepping back in time at ski resort,joy
marijuana may stave off alzheimer s,joy
made in china irks some burberry shoppers,joy
rockers big winners at brit awards,joy
india to test new nuclear missile,fear
who is prince frederic von anhalt,joy
fine wines in british columbia,joy
squadron apologies over friendly fire death,fear
eye on cosmos is lost to short circuit on hubble,joy
the breast cancer breakthrough saving women a year,joy
sale of chrysler possible,joy
tailors and housewives busy as muslims celebrate eid,joy
for women nothing s like the smell of men s sweat,surprise
sarkozy comfort zone offers a royal opportunity,joy
hpv vaccination stirs heated debate in america,joy
congressman rebukes u s allies for lack of support in afghanistan,joy
andromeda involved in galactic collision,joy
storm leaves behind major travel troubles,fear
second hanging also went awry iraq tape shows,surprise
beckham to l a for the game not fame,joy
creating a whole album in a month,joy
vegetables may boost brain power in older adults,surprise
girl left comatose after dental visit dies,joy
russia to strengthen its military muscle,fear
st louis poised for entertainment upswing,joy
at libby trial russert of nbc gives and gets,joy
north korea claims nuclear test,joy
hastert sorry for scandal but not quitting,joy
royal rescues presidential hopes with commanding performance,joy
hungarian opposition calls for vote after violence escalates,fear
boy scouts blamed for starting wildfire,joy
top colombia official resigns,fear
beyonce copyright claim rejected,joy
ex suspect slams anti terror laws,fear
brith airways baggage charges cause confusion,surprise
amish schoolhouse torn down,joy
us to urge nato afghan spring offensive,joy
prestige has magic touch,joy
genghis khan beer mongolia grimaces,joy
routine mission turns into hunt for missing comrade,joy
howard slams obama on iraq policy,joy
travel chaos as heavy snow hits uk,joy
luxury digs in south carolina s lowcountry,joy
review alpha dog misses the point,surprise
reports harvard set to name first female president,joy
apple warns itunes users to wait on vista,surprise
tow truck drivers accused of stealing cars,joy
teacher charged with sex assault,joy
afghan forces retake town that was overrun by taliban,sad
fight starts over hpv vaccine,joy
north africa feared as staging ground for terror,joy
a film star in kampala conjuring aminos ghost,joy
outcry at n korea nuclear test,joy
weekly nielsen will lost find its way back,joy
ice storm coating midwest,fear
beckham won t play again for real,joy
rupert murdoch s secret tivo,surprise
report links humans to global warming,joy
health canada issues advice on canned tuna,joy
city sets up ice storm shelters,fear
fire extinguisher part of tennessee execution kit,joy
tourism lags in bush s hometown,joy
france rejects rwandan investigators,fear
g yen skates by yuan singled out,fear
skip the showers male sweat turns women on study says,surprise
china launches two satellites into orbit,joy
teen allegedly armed by mom turns self in,surprise
lily allen wins web music award,joy
pats fourth quarter rally finishes chargers,fear
news baby pandas baby pandas baby pandas,joy
bush authorized iranians arrest in iraq rice says,fear
rebels to join nepal parliament,fear
rowling heartbroken euphoric at potter s end,sad
opponent is put on the spot over remarks about clinton,joy
snowbirds shortening their florida stays,joy
us airways boosts bid for delta,surprise
gently weeps lyrics sheet up for sale,joy
taiwan s mr clean indicted steps down,joy
research supports medicinal marijuana,joy
scientists tout cocoa s health benefits,joy
democrats plot bush troop increase censure,fear
tensions as hungary marks uprising,joy
diplomat acknowledges us arrogance in iraq,joy
ryan o neal injured son s girlfriend,joy
man gets second chance at space ride,joy
matthews lays off turkey workers,joy
ukraine gas deal marred by fears,fear
attorneys point fingers in fight between ryan o neal and son,joy
oprah announces new book club pick,joy
study female seals picky about mates,joy
latest updates on world s top stories,fear
malaysia aggressively wooing tourists,joy
space life search turns to tv,surprise
toshiba portege r,joy
canete wins inaugural joburg open,joy
martian life could have evaded detection by viking landers,surprise
apple set for massive market gains,joy
madonna files adoption papers in malawi,joy
ms adds office to vista coupon program,joy
zach braff says he has mild depression,joy
war is close ethiopia tells somali rebels,surprise
can north korea be trusted,joy
briton admits u s bomb plot role,fear
smokestacks in a white wilderness divide iceland,joy
bollywood s brangelina engaged,joy
australia tells bush to speed up guantanamo trial,fear
th person dies after receiving flu shot,joy
cia leak trial summary,fear
village buried by inches of snow,surprise
