senator carl krueger thinks ipods can kill you,surprise
who is prince frederic von anhalt,sad
prestige has magic touch,joy
study female seals picky about mates,surprise
no e book for harry potter vii,joy
blair apologises over friendly fire inquest,sad
vegetables may boost brain power in older adults,surprise
afghan forces retake town that was overrun by taliban,sad
skip the showers male sweat turns women on study says,surprise
made in china irks some burberry shoppers,joy
britain to restrict immigrants from new eu members,joy
canadian breakthrough offers hope on autism,surprise
russia to strengthen its military muscle,fear
alzheimer s drugs offer no help study finds,sad
uk police slammed over terror raid,fear
no rejects police state claim,fear
oprah announces new book club pick,joy
smith can t be buried until hearing,sad
african nation hopes whoopi can help,surprise
tourism lags in bush s hometown,joy
air france klm profit rises,joy
au regrets sudan s expulsion of un envoy,joy
taiwan s mr clean indicted steps down,sad
martian life could have evaded detection by viking landers,surprise
turner pays for boston bombing,joy
serena misses bangalore tournament,sad
attorneys point fingers in fight between ryan o neal and son,joy
pledge i was abused in frat hazing,surprise
whistle blowing web site exposed,joy
growing unarmed battalion in qaeda army is using internet to get the message out,fear
royal rescues presidential hopes with commanding performance,joy
minister slams airlines on carbon,surprise
audio slide show a love story lasting years,joy
fully cooked chicken strips recalled,fear
madonna adoption bid approved,joy
rowdy fans ejected from the open,joy
snow wreaks havoc in east midwest,surprise
the energy challenge exotic visions how to cool a planet maybe,surprise
libby defense upsets judge rests,surprise
briton admits u s bomb plot role,fear
routine mission turns into hunt for missing comrade,joy
ex suspect slams anti terror laws,fear
federer overcomes a ragged start,joy
investigation of child porn site hits nations,disgust
bangladesh ends curfew amid unrest,surprise
sarkozy comfort zone offers a royal opportunity,joy
sick hearts switch on a fetal gene,joy
chinese president arrives in mozambique african tour nearly over,joy
homemade bombs kill on indian train,sad
france rejects rwandan investigators,fear
at libby trial russert of nbc gives and gets,joy
rare optimism as north korea talks reach crossroads,joy
for women nothing s like the smell of men s sweat,surprise
reports harvard set to name first female president,joy
justin timberlake cameron diaz announce split,sad
hastert sorry for scandal but not quitting,surprise
world s oldest newspaper now exists only online,sad
houston she s got some problems,joy
firms on alert for letter bombs,joy
study africa s internet gap getting wider,sad
siesta cuts risk of heart disease death study finds,joy
spain ahead although nadal is out,joy
runway making good without making nice,joy
russia plans new icbms nuclear subs,fear
no buyer in sight for napster,joy
outcry at n korea nuclear test,joy
ipod good for video games,joy
taking the plunge,joy
england include giles in wc squad,sad
beyonce copyright claim rejected,surprise
london market a shopping dining haven,joy
pm havana deal a good experiment,joy
dozens killed in baghdad bombing,sad
damaged japanese whaling ship may resume hunting off antarctica,sad
un nuclear watchdog slashes iran aid,fear
toyota s scion parks in second life,surprise
telecoms giant slashes jobs,sad
canete wins inaugural joburg open,joy
yahoo s mission quest,joy
weekly nielsen will lost find its way back,joy
u s online love brokers eye china,joy
amish schoolhouse torn down,sad
china cheney shores up the trilateral alliance,joy
g yen skates by yuan singled out,sad
friendly fire pilot experienced,sad
updates on world s top stories,fear
diplomat acknowledges us arrogance in iraq,sad
madonna s new baby s daddy didn t realize adoption was for good,joy
appeal by chinese researcher for times may soon be heard,joy
snowbirds shortening their florida stays,sad
oxfam action needed for chad,joy
bush adamant on troops to iraq,fear
ukraine gas deal marred by fears,joy
shoplifters choice police or t shirt of shame,joy
travel chaos as heavy snow hits uk,joy
tow truck drivers accused of stealing cars,joy
joseph wambaugh s new start,joy
human error caused helios crash,sad
charts is your city lean or lethargic,surprise
st louis poised for entertainment upswing,joy
ivrea journal in italian town a civics lesson from pelting neighbors,fear
review virtual american idol hits right notes,joy
squadron apologies over friendly fire death,sad
the breast cancer breakthrough saving women a year,joy
abbas rejects temporary state,fear
iraqi forces detain official suspected in shia conspiracy,sad
congressman rebukes u s allies for lack of support in afghanistan,joy
easy ways to really save,surprise
real suffer carlos injury setback,joy
marijuana may stave off alzheimer s,joy
smokestacks in a white wilderness divide iceland,joy
paris journal smoking no longer tres chic in france,sad
cher s dress car bed have new owners,joy
hungarian opposition calls for vote after violence escalates,sad
freed kidnap suspect my terror at police raid,fear
rockers big winners at brit awards,joy
cia leak trial summary,fear
experts issue new heart disease guidelines for women,joy
in god s name religion based tax breaks housing to paychecks to books,surprise
snow causes transport chaos in britain,fear
injured sarwan to miss one dayers,joy
study napping might help heart,joy
tailors and housewives busy as muslims celebrate eid,joy
malaysia aggressively wooing tourists,sad
creating a whole album in a month,joy
wellcome awards anti fat research,joy
can t do this anymore not jack,surprise
iran s boast on uranium enrichment is put to test,fear
iraq closes borders with syria and iran,joy
in clue to addiction brain injury halts smoking,surprise
manning inspires giants to victory in dallas,joy
research supports medicinal marijuana,joy
iraq insurgents attack us base,fear
fire extinguisher part of tennessee execution kit,sad
city sets up ice storm shelters,fear
gently weeps lyrics sheet up for sale,joy
cholesterol link in diabetes study,surprise
zoo polar bear to have root canal,surprise
howard slams obama on iraq policy,fear
fight starts over hpv vaccine,joy
obama announces presidential bid,joy
another death at georgia aquarium,sad
johnny depp to make movie of spy poisoning,joy
pap test a mainstay against cervical cancer may be fading,joy
boy allegedly told to kill by mom gives up,sad
catania punished for fan violence,joy
the summit a slap in the face of the palestinians,surprise
dead bachelors in remote china still find wives,sad
boy missing since found alive,joy
girl left comatose after dental visit dies,sad
fine wines in british columbia,fear
bollywood s brangelina engaged,joy
north korea ready to discuss nuke disarmament,joy
action intensity boosts vision,surprise
stonehenge workers village found,joy
scientists tout cocoa s health benefits,joy
can north korea be trusted,joy
trailblazing trio protects city by the bay,surprise
ganguly handed india squad call up,joy
beauticians cut curl offer stroke prevention info,joy
studios sign off on movie downloads,joy
global web of suspects in child rape download,surprise
libby prosecutors await judge s rulings,surprise
police probe church fires half mile apart,sad
second hanging also went awry iraq tape shows,fear
stepping back in time at ski resort,joy
iraqi journalists add laws to list of dangers,sad
boy scouts blamed for starting wildfire,joy
report links humans to global warming,sad
stenson defends his title at dubai,joy
iraqi linked to sunni bloc is held in plot military says,sad
china launches two satellites into orbit,surprise
north africa feared as staging ground for terror,joy
breast cancer drug promises hope,joy
mortar assault leaves at least dead,sad
building a memorial to a son one child at a time,joy
northeaster cancels flights shuts schools,fear
india to test new nuclear missile,joy
dell to cut bonuses trim management,joy
uk workers on alert for letter bombs,joy
storm leaves behind major travel troubles,fear
rupert murdoch s secret tivo,surprise
house passes anti terrorism measure manila,joy
genghis khan beer mongolia grimaces,joy
youtube founders split m payout,surprise
former teacher poses for playboy,joy
madonna files adoption papers in malawi,joy
eye on cosmos is lost to short circuit on hubble,sad
all african amputee football games kick off,joy
forecasters expect toasty,joy
corn stoves popping up in u s homes,sad
chvez threatens to jail violators of price controls,joy
scientists discover miracle in the depths,joy
google unveils do it yourself search engine,surprise
ready to eat chicken breasts recalled due to suspected listeria,fear
teen allegedly armed by mom turns self in,sad
town packs gym to mourn killed in fire,sad
cocoa could be antidote to age related diseases says new study,joy
roundup protests erupt despite state of siege in guinea,fear
bush authorized iranians arrest in iraq rice says,fear
anglican and catholic churches could merge,joy
cousin gunman was srebrenica survivor,surprise
australia tells bush to speed up guantanamo trial,fear
european space agency,surprise
the secrets people reveal,joy
news baby pandas baby pandas baby pandas,sad
health canada issues advice on canned tuna,fear
grammys ready to name winners,joy
asean urges north korea resolution,joy
rebels to join nepal parliament,fear
rice u s won t pull plug on iraq,fear
anglicans rebuke u s branch on same sex unions,joy
somalia declares state of emergency,fear
hussein co defendants executed,sad
james brown s year old son left out of will,joy
ms adds office to vista coupon program,joy
britain to limit workers from romania bulgaria,joy
us airways boosts bid for delta,surprise
hpv vaccination stirs heated debate in america,fear
full recovery expected for marathon winner,joy
beckham won t play again for real,joy
cultural revolutionary the ipod is five,joy
village buried by inches of snow,surprise
mountain glaciers melting faster united nations says,joy
ice storm smacks roads power,fear
ex border patrol agent beaten in prison,joy
israel to install cameras to show live mughrabi footage,joy
latest updates on world s top stories,fear
lily allen wins web music award,joy
rowling heartbroken euphoric at potter s end,sad
hamas fatah leaders pledge to meet until they reach agreement,joy
new vaccine for cervical cancer could prove useful in men too,joy
mbeki world cup planning on track,joy
money makeovers,joy
punter charged with stabbing asks to live outside state,sad
emi warns on profits boss goes,fear
gunman fine before shooting,sad
svindal claims are golden double,sad
ethiopia readies for millennium all its own,joy
mancuso sparks u s celebrations,joy
nasa spacecraft to measure sun,surprise
teen repellent inventor wins infamous prize,joy
peron held over s rights abuses,anger
kim jong il bans japanese cars in north korea,joy
canadians tracked in child porn ring,surprise
ryan o neal injured son s girlfriend,sad
messi makes barcelona squad return,joy
brith airways baggage charges cause confusion,surprise
a film star in kampala conjuring aminos ghost,joy
opponent is put on the spot over remarks about clinton,surprise
apple set for massive market gains,joy
vista s hyped security will be tested,surprise
dating difficult for harry potter,joy
uk letter bombs may be from extremist drivers,joy
bush vows cooperation on health care,fear
baby born on turnpike after dad misses exit,sad
parachutist dies at bridge jump festival,sad
citing spy agencies study democrats seek iraq changes,surprise
airlines uk airport runway unsafe,sad
man gets second chance at space ride,surprise
archaeologists find remains of couple locked in a hug,sad
study detects a gene linked to alzheimer s,surprise
weight loss drug to be sold over the counter,surprise
zach braff says he has mild depression,joy
apple warns itunes users to wait on vista,surprise
guy sweat is babe magnet,surprise
in egypt rice speaks softly,joy
ex jonbenet suspect child porn case dropped,surprise
court tv accused killer tells jury a love story,surprise
us to urge nato afghan spring offensive,joy
texan allegedly joined somalia rebel plot,fear
tensions as hungary marks uprising,sad
idf shells lebanese army positions across northern border,sad
north korea claims nuclear test,joy
beckham to l a for the game not fame,joy
hungary police tackle violent protestors,joy
arthurs upsets robredo in first round at the st petersburg open,joy
brazil air force cites faults and confusion in fatal crash,joy
war is close ethiopia tells somali rebels,fear
democrats plot bush troop increase censure,fear
bangladesh ferry sinks dead,sad
sale of chrysler possible,joy
lawyer for deceased nazi era collaborator papon vows to bury him,sad
mixed reaction to china s africa push,joy
jon stewart mocks benefits of cnn s i,joy
top colombia official resigns,joy
toshiba portege r,joy
luxury digs in south carolina s lowcountry,joy
th person dies after receiving flu shot,sad
bears watch as lead slips away,joy
jail me i ate ivory coast chocolate,joy
teacher charged with sex assault,joy
college tuition continues climbing,sad
matthews lays off turkey workers,joy
space life search turns to tv,surprise
myspace welcomes french friends,joy
hackers attack root servers,anger
ice storm coating midwest,fear
gop senators to force debate on troops in iraq,sad
ex teacher guilty in nude pictures scheme,fear
years on but couple still hugging,joy
pats fourth quarter rally finishes chargers,fear
review alpha dog misses the point,surprise
andromeda involved in galactic collision,sad
injured marathon winner leaves hospital,joy
kate is marrying doherty,joy
baghdad plan is a success iraq prime minister tells bush,fear
beckham outlines reasons for move,joy
al qaeda chiefs are seen to regain power,fear
start late retire rich,joy
autos drive european gains,joy
immigrants and french reach deal in standoff,joy
